relaxed_field,fields_required_exact,tolerance_minutes,lmsal_events_comparable,lmsal_events_total,events_matched,match_rate_comparable_pct,match_rate_all_events_pct,events_gained_vs_0min
begin_time,"goes_class, active_region, peak_time, end_time",0,24262,28175,11244,46.34,39.91,0
begin_time,"goes_class, active_region, peak_time, end_time",1,24262,28175,11249,46.36,39.93,5
begin_time,"goes_class, active_region, peak_time, end_time",2,24262,28175,11251,46.37,39.93,7
begin_time,"goes_class, active_region, peak_time, end_time",3,24262,28175,11252,46.38,39.94,8
begin_time,"goes_class, active_region, peak_time, end_time",4,24262,28175,11252,46.38,39.94,8
begin_time,"goes_class, active_region, peak_time, end_time",5,24262,28175,11253,46.38,39.94,9
begin_time,"goes_class, active_region, peak_time, end_time",6,24262,28175,11254,46.39,39.94,10
begin_time,"goes_class, active_region, peak_time, end_time",7,24262,28175,11255,46.39,39.95,11
begin_time,"goes_class, active_region, peak_time, end_time",8,24262,28175,11255,46.39,39.95,11
begin_time,"goes_class, active_region, peak_time, end_time",9,24262,28175,11255,46.39,39.95,11
begin_time,"goes_class, active_region, peak_time, end_time",10,24262,28175,11256,46.39,39.95,12
begin_time,"goes_class, active_region, peak_time, end_time",11,24262,28175,11256,46.39,39.95,12
begin_time,"goes_class, active_region, peak_time, end_time",12,24262,28175,11258,46.4,39.96,14
begin_time,"goes_class, active_region, peak_time, end_time",13,24262,28175,11259,46.41,39.96,15
begin_time,"goes_class, active_region, peak_time, end_time",14,24262,28175,11259,46.41,39.96,15
begin_time,"goes_class, active_region, peak_time, end_time",15,24262,28175,11259,46.41,39.96,15
begin_time,"goes_class, active_region, peak_time, end_time",16,24262,28175,11259,46.41,39.96,15
begin_time,"goes_class, active_region, peak_time, end_time",17,24262,28175,11259,46.41,39.96,15
begin_time,"goes_class, active_region, peak_time, end_time",18,24262,28175,11260,46.41,39.96,16
begin_time,"goes_class, active_region, peak_time, end_time",19,24262,28175,11260,46.41,39.96,16
begin_time,"goes_class, active_region, peak_time, end_time",20,24262,28175,11260,46.41,39.96,16
begin_time,"goes_class, active_region, peak_time, end_time",21,24262,28175,11261,46.41,39.97,17
begin_time,"goes_class, active_region, peak_time, end_time",22,24262,28175,11261,46.41,39.97,17
begin_time,"goes_class, active_region, peak_time, end_time",23,24262,28175,11261,46.41,39.97,17
begin_time,"goes_class, active_region, peak_time, end_time",24,24262,28175,11262,46.42,39.97,18
begin_time,"goes_class, active_region, peak_time, end_time",25,24262,28175,11262,46.42,39.97,18
begin_time,"goes_class, active_region, peak_time, end_time",26,24262,28175,11262,46.42,39.97,18
begin_time,"goes_class, active_region, peak_time, end_time",27,24262,28175,11262,46.42,39.97,18
begin_time,"goes_class, active_region, peak_time, end_time",28,24262,28175,11262,46.42,39.97,18
begin_time,"goes_class, active_region, peak_time, end_time",29,24262,28175,11262,46.42,39.97,18
begin_time,"goes_class, active_region, peak_time, end_time",30,24262,28175,11262,46.42,39.97,18
begin_time,"goes_class, active_region, peak_time, end_time",31,24262,28175,11263,46.42,39.98,19
begin_time,"goes_class, active_region, peak_time, end_time",32,24262,28175,11263,46.42,39.98,19
begin_time,"goes_class, active_region, peak_time, end_time",33,24262,28175,11263,46.42,39.98,19
begin_time,"goes_class, active_region, peak_time, end_time",34,24262,28175,11263,46.42,39.98,19
begin_time,"goes_class, active_region, peak_time, end_time",35,24262,28175,11263,46.42,39.98,19
begin_time,"goes_class, active_region, peak_time, end_time",36,24262,28175,11263,46.42,39.98,19
begin_time,"goes_class, active_region, peak_time, end_time",37,24262,28175,11263,46.42,39.98,19
begin_time,"goes_class, active_region, peak_time, end_time",38,24262,28175,11263,46.42,39.98,19
begin_time,"goes_class, active_region, peak_time, end_time",39,24262,28175,11264,46.43,39.98,20
begin_time,"goes_class, active_region, peak_time, end_time",40,24262,28175,11264,46.43,39.98,20
begin_time,"goes_class, active_region, peak_time, end_time",41,24262,28175,11264,46.43,39.98,20
begin_time,"goes_class, active_region, peak_time, end_time",42,24262,28175,11264,46.43,39.98,20
begin_time,"goes_class, active_region, peak_time, end_time",43,24262,28175,11264,46.43,39.98,20
begin_time,"goes_class, active_region, peak_time, end_time",44,24262,28175,11264,46.43,39.98,20
begin_time,"goes_class, active_region, peak_time, end_time",45,24262,28175,11264,46.43,39.98,20
begin_time,"goes_class, active_region, peak_time, end_time",46,24262,28175,11264,46.43,39.98,20
begin_time,"goes_class, active_region, peak_time, end_time",47,24262,28175,11264,46.43,39.98,20
begin_time,"goes_class, active_region, peak_time, end_time",48,24262,28175,11264,46.43,39.98,20
begin_time,"goes_class, active_region, peak_time, end_time",49,24262,28175,11264,46.43,39.98,20
begin_time,"goes_class, active_region, peak_time, end_time",50,24262,28175,11264,46.43,39.98,20
begin_time,"goes_class, active_region, peak_time, end_time",51,24262,28175,11264,46.43,39.98,20
begin_time,"goes_class, active_region, peak_time, end_time",52,24262,28175,11264,46.43,39.98,20
begin_time,"goes_class, active_region, peak_time, end_time",53,24262,28175,11264,46.43,39.98,20
begin_time,"goes_class, active_region, peak_time, end_time",54,24262,28175,11264,46.43,39.98,20
begin_time,"goes_class, active_region, peak_time, end_time",55,24262,28175,11264,46.43,39.98,20
begin_time,"goes_class, active_region, peak_time, end_time",56,24262,28175,11264,46.43,39.98,20
begin_time,"goes_class, active_region, peak_time, end_time",57,24262,28175,11264,46.43,39.98,20
begin_time,"goes_class, active_region, peak_time, end_time",58,24262,28175,11264,46.43,39.98,20
begin_time,"goes_class, active_region, peak_time, end_time",59,24262,28175,11264,46.43,39.98,20
begin_time,"goes_class, active_region, peak_time, end_time",60,24262,28175,11264,46.43,39.98,20
begin_time,"goes_class, active_region, peak_time, end_time",61,24262,28175,11264,46.43,39.98,20
begin_time,"goes_class, active_region, peak_time, end_time",62,24262,28175,11264,46.43,39.98,20
begin_time,"goes_class, active_region, peak_time, end_time",63,24262,28175,11264,46.43,39.98,20
begin_time,"goes_class, active_region, peak_time, end_time",64,24262,28175,11264,46.43,39.98,20
begin_time,"goes_class, active_region, peak_time, end_time",65,24262,28175,11264,46.43,39.98,20
begin_time,"goes_class, active_region, peak_time, end_time",66,24262,28175,11264,46.43,39.98,20
begin_time,"goes_class, active_region, peak_time, end_time",67,24262,28175,11264,46.43,39.98,20
begin_time,"goes_class, active_region, peak_time, end_time",68,24262,28175,11264,46.43,39.98,20
begin_time,"goes_class, active_region, peak_time, end_time",69,24262,28175,11264,46.43,39.98,20
begin_time,"goes_class, active_region, peak_time, end_time",70,24262,28175,11264,46.43,39.98,20
begin_time,"goes_class, active_region, peak_time, end_time",71,24262,28175,11264,46.43,39.98,20
begin_time,"goes_class, active_region, peak_time, end_time",72,24262,28175,11264,46.43,39.98,20
begin_time,"goes_class, active_region, peak_time, end_time",73,24262,28175,11264,46.43,39.98,20
begin_time,"goes_class, active_region, peak_time, end_time",74,24262,28175,11264,46.43,39.98,20
begin_time,"goes_class, active_region, peak_time, end_time",75,24262,28175,11264,46.43,39.98,20
begin_time,"goes_class, active_region, peak_time, end_time",76,24262,28175,11264,46.43,39.98,20
begin_time,"goes_class, active_region, peak_time, end_time",77,24262,28175,11264,46.43,39.98,20
begin_time,"goes_class, active_region, peak_time, end_time",78,24262,28175,11264,46.43,39.98,20
begin_time,"goes_class, active_region, peak_time, end_time",79,24262,28175,11264,46.43,39.98,20
begin_time,"goes_class, active_region, peak_time, end_time",80,24262,28175,11264,46.43,39.98,20
begin_time,"goes_class, active_region, peak_time, end_time",81,24262,28175,11264,46.43,39.98,20
begin_time,"goes_class, active_region, peak_time, end_time",82,24262,28175,11264,46.43,39.98,20
begin_time,"goes_class, active_region, peak_time, end_time",83,24262,28175,11264,46.43,39.98,20
begin_time,"goes_class, active_region, peak_time, end_time",84,24262,28175,11264,46.43,39.98,20
begin_time,"goes_class, active_region, peak_time, end_time",85,24262,28175,11264,46.43,39.98,20
begin_time,"goes_class, active_region, peak_time, end_time",86,24262,28175,11264,46.43,39.98,20
begin_time,"goes_class, active_region, peak_time, end_time",87,24262,28175,11264,46.43,39.98,20
begin_time,"goes_class, active_region, peak_time, end_time",88,24262,28175,11264,46.43,39.98,20
begin_time,"goes_class, active_region, peak_time, end_time",89,24262,28175,11264,46.43,39.98,20
begin_time,"goes_class, active_region, peak_time, end_time",90,24262,28175,11264,46.43,39.98,20
begin_time,"goes_class, active_region, peak_time, end_time",91,24262,28175,11264,46.43,39.98,20
begin_time,"goes_class, active_region, peak_time, end_time",92,24262,28175,11264,46.43,39.98,20
begin_time,"goes_class, active_region, peak_time, end_time",93,24262,28175,11264,46.43,39.98,20
begin_time,"goes_class, active_region, peak_time, end_time",94,24262,28175,11264,46.43,39.98,20
begin_time,"goes_class, active_region, peak_time, end_time",95,24262,28175,11264,46.43,39.98,20
begin_time,"goes_class, active_region, peak_time, end_time",96,24262,28175,11264,46.43,39.98,20
begin_time,"goes_class, active_region, peak_time, end_time",97,24262,28175,11264,46.43,39.98,20
begin_time,"goes_class, active_region, peak_time, end_time",98,24262,28175,11264,46.43,39.98,20
begin_time,"goes_class, active_region, peak_time, end_time",99,24262,28175,11264,46.43,39.98,20
begin_time,"goes_class, active_region, peak_time, end_time",100,24262,28175,11264,46.43,39.98,20
peak_time,"goes_class, active_region, begin_time, end_time",0,24262,28175,11244,46.34,39.91,0
peak_time,"goes_class, active_region, begin_time, end_time",1,24262,28175,11332,46.71,40.22,88
peak_time,"goes_class, active_region, begin_time, end_time",2,24262,28175,11354,46.8,40.3,110
peak_time,"goes_class, active_region, begin_time, end_time",3,24262,28175,11359,46.82,40.32,115
peak_time,"goes_class, active_region, begin_time, end_time",4,24262,28175,11387,46.93,40.42,143
peak_time,"goes_class, active_region, begin_time, end_time",5,24262,28175,11428,47.1,40.56,184
peak_time,"goes_class, active_region, begin_time, end_time",6,24262,28175,11450,47.19,40.64,206
peak_time,"goes_class, active_region, begin_time, end_time",7,24262,28175,11459,47.23,40.67,215
peak_time,"goes_class, active_region, begin_time, end_time",8,24262,28175,11464,47.25,40.69,220
peak_time,"goes_class, active_region, begin_time, end_time",9,24262,28175,11467,47.26,40.7,223
peak_time,"goes_class, active_region, begin_time, end_time",10,24262,28175,11470,47.28,40.71,226
peak_time,"goes_class, active_region, begin_time, end_time",11,24262,28175,11470,47.28,40.71,226
peak_time,"goes_class, active_region, begin_time, end_time",12,24262,28175,11473,47.29,40.72,229
peak_time,"goes_class, active_region, begin_time, end_time",13,24262,28175,11473,47.29,40.72,229
peak_time,"goes_class, active_region, begin_time, end_time",14,24262,28175,11473,47.29,40.72,229
peak_time,"goes_class, active_region, begin_time, end_time",15,24262,28175,11473,47.29,40.72,229
peak_time,"goes_class, active_region, begin_time, end_time",16,24262,28175,11473,47.29,40.72,229
peak_time,"goes_class, active_region, begin_time, end_time",17,24262,28175,11473,47.29,40.72,229
peak_time,"goes_class, active_region, begin_time, end_time",18,24262,28175,11473,47.29,40.72,229
peak_time,"goes_class, active_region, begin_time, end_time",19,24262,28175,11473,47.29,40.72,229
peak_time,"goes_class, active_region, begin_time, end_time",20,24262,28175,11473,47.29,40.72,229
peak_time,"goes_class, active_region, begin_time, end_time",21,24262,28175,11473,47.29,40.72,229
peak_time,"goes_class, active_region, begin_time, end_time",22,24262,28175,11475,47.3,40.73,231
peak_time,"goes_class, active_region, begin_time, end_time",23,24262,28175,11475,47.3,40.73,231
peak_time,"goes_class, active_region, begin_time, end_time",24,24262,28175,11475,47.3,40.73,231
peak_time,"goes_class, active_region, begin_time, end_time",25,24262,28175,11475,47.3,40.73,231
peak_time,"goes_class, active_region, begin_time, end_time",26,24262,28175,11475,47.3,40.73,231
peak_time,"goes_class, active_region, begin_time, end_time",27,24262,28175,11476,47.3,40.73,232
peak_time,"goes_class, active_region, begin_time, end_time",28,24262,28175,11476,47.3,40.73,232
peak_time,"goes_class, active_region, begin_time, end_time",29,24262,28175,11476,47.3,40.73,232
peak_time,"goes_class, active_region, begin_time, end_time",30,24262,28175,11476,47.3,40.73,232
peak_time,"goes_class, active_region, begin_time, end_time",31,24262,28175,11476,47.3,40.73,232
peak_time,"goes_class, active_region, begin_time, end_time",32,24262,28175,11476,47.3,40.73,232
peak_time,"goes_class, active_region, begin_time, end_time",33,24262,28175,11476,47.3,40.73,232
peak_time,"goes_class, active_region, begin_time, end_time",34,24262,28175,11476,47.3,40.73,232
peak_time,"goes_class, active_region, begin_time, end_time",35,24262,28175,11476,47.3,40.73,232
peak_time,"goes_class, active_region, begin_time, end_time",36,24262,28175,11476,47.3,40.73,232
peak_time,"goes_class, active_region, begin_time, end_time",37,24262,28175,11476,47.3,40.73,232
peak_time,"goes_class, active_region, begin_time, end_time",38,24262,28175,11476,47.3,40.73,232
peak_time,"goes_class, active_region, begin_time, end_time",39,24262,28175,11476,47.3,40.73,232
peak_time,"goes_class, active_region, begin_time, end_time",40,24262,28175,11476,47.3,40.73,232
peak_time,"goes_class, active_region, begin_time, end_time",41,24262,28175,11476,47.3,40.73,232
peak_time,"goes_class, active_region, begin_time, end_time",42,24262,28175,11476,47.3,40.73,232
peak_time,"goes_class, active_region, begin_time, end_time",43,24262,28175,11476,47.3,40.73,232
peak_time,"goes_class, active_region, begin_time, end_time",44,24262,28175,11476,47.3,40.73,232
peak_time,"goes_class, active_region, begin_time, end_time",45,24262,28175,11476,47.3,40.73,232
peak_time,"goes_class, active_region, begin_time, end_time",46,24262,28175,11476,47.3,40.73,232
peak_time,"goes_class, active_region, begin_time, end_time",47,24262,28175,11476,47.3,40.73,232
peak_time,"goes_class, active_region, begin_time, end_time",48,24262,28175,11476,47.3,40.73,232
peak_time,"goes_class, active_region, begin_time, end_time",49,24262,28175,11476,47.3,40.73,232
peak_time,"goes_class, active_region, begin_time, end_time",50,24262,28175,11476,47.3,40.73,232
peak_time,"goes_class, active_region, begin_time, end_time",51,24262,28175,11476,47.3,40.73,232
peak_time,"goes_class, active_region, begin_time, end_time",52,24262,28175,11476,47.3,40.73,232
peak_time,"goes_class, active_region, begin_time, end_time",53,24262,28175,11476,47.3,40.73,232
peak_time,"goes_class, active_region, begin_time, end_time",54,24262,28175,11476,47.3,40.73,232
peak_time,"goes_class, active_region, begin_time, end_time",55,24262,28175,11476,47.3,40.73,232
peak_time,"goes_class, active_region, begin_time, end_time",56,24262,28175,11476,47.3,40.73,232
peak_time,"goes_class, active_region, begin_time, end_time",57,24262,28175,11476,47.3,40.73,232
peak_time,"goes_class, active_region, begin_time, end_time",58,24262,28175,11476,47.3,40.73,232
peak_time,"goes_class, active_region, begin_time, end_time",59,24262,28175,11476,47.3,40.73,232
peak_time,"goes_class, active_region, begin_time, end_time",60,24262,28175,11476,47.3,40.73,232
peak_time,"goes_class, active_region, begin_time, end_time",61,24262,28175,11476,47.3,40.73,232
peak_time,"goes_class, active_region, begin_time, end_time",62,24262,28175,11476,47.3,40.73,232
peak_time,"goes_class, active_region, begin_time, end_time",63,24262,28175,11476,47.3,40.73,232
peak_time,"goes_class, active_region, begin_time, end_time",64,24262,28175,11476,47.3,40.73,232
peak_time,"goes_class, active_region, begin_time, end_time",65,24262,28175,11476,47.3,40.73,232
peak_time,"goes_class, active_region, begin_time, end_time",66,24262,28175,11476,47.3,40.73,232
peak_time,"goes_class, active_region, begin_time, end_time",67,24262,28175,11476,47.3,40.73,232
peak_time,"goes_class, active_region, begin_time, end_time",68,24262,28175,11476,47.3,40.73,232
peak_time,"goes_class, active_region, begin_time, end_time",69,24262,28175,11476,47.3,40.73,232
peak_time,"goes_class, active_region, begin_time, end_time",70,24262,28175,11476,47.3,40.73,232
peak_time,"goes_class, active_region, begin_time, end_time",71,24262,28175,11476,47.3,40.73,232
peak_time,"goes_class, active_region, begin_time, end_time",72,24262,28175,11476,47.3,40.73,232
peak_time,"goes_class, active_region, begin_time, end_time",73,24262,28175,11476,47.3,40.73,232
peak_time,"goes_class, active_region, begin_time, end_time",74,24262,28175,11476,47.3,40.73,232
peak_time,"goes_class, active_region, begin_time, end_time",75,24262,28175,11476,47.3,40.73,232
peak_time,"goes_class, active_region, begin_time, end_time",76,24262,28175,11476,47.3,40.73,232
peak_time,"goes_class, active_region, begin_time, end_time",77,24262,28175,11476,47.3,40.73,232
peak_time,"goes_class, active_region, begin_time, end_time",78,24262,28175,11476,47.3,40.73,232
peak_time,"goes_class, active_region, begin_time, end_time",79,24262,28175,11476,47.3,40.73,232
peak_time,"goes_class, active_region, begin_time, end_time",80,24262,28175,11476,47.3,40.73,232
peak_time,"goes_class, active_region, begin_time, end_time",81,24262,28175,11476,47.3,40.73,232
peak_time,"goes_class, active_region, begin_time, end_time",82,24262,28175,11476,47.3,40.73,232
peak_time,"goes_class, active_region, begin_time, end_time",83,24262,28175,11476,47.3,40.73,232
peak_time,"goes_class, active_region, begin_time, end_time",84,24262,28175,11476,47.3,40.73,232
peak_time,"goes_class, active_region, begin_time, end_time",85,24262,28175,11476,47.3,40.73,232
peak_time,"goes_class, active_region, begin_time, end_time",86,24262,28175,11476,47.3,40.73,232
peak_time,"goes_class, active_region, begin_time, end_time",87,24262,28175,11476,47.3,40.73,232
peak_time,"goes_class, active_region, begin_time, end_time",88,24262,28175,11476,47.3,40.73,232
peak_time,"goes_class, active_region, begin_time, end_time",89,24262,28175,11476,47.3,40.73,232
peak_time,"goes_class, active_region, begin_time, end_time",90,24262,28175,11476,47.3,40.73,232
peak_time,"goes_class, active_region, begin_time, end_time",91,24262,28175,11476,47.3,40.73,232
peak_time,"goes_class, active_region, begin_time, end_time",92,24262,28175,11476,47.3,40.73,232
peak_time,"goes_class, active_region, begin_time, end_time",93,24262,28175,11476,47.3,40.73,232
peak_time,"goes_class, active_region, begin_time, end_time",94,24262,28175,11476,47.3,40.73,232
peak_time,"goes_class, active_region, begin_time, end_time",95,24262,28175,11476,47.3,40.73,232
peak_time,"goes_class, active_region, begin_time, end_time",96,24262,28175,11476,47.3,40.73,232
peak_time,"goes_class, active_region, begin_time, end_time",97,24262,28175,11476,47.3,40.73,232
peak_time,"goes_class, active_region, begin_time, end_time",98,24262,28175,11476,47.3,40.73,232
peak_time,"goes_class, active_region, begin_time, end_time",99,24262,28175,11476,47.3,40.73,232
peak_time,"goes_class, active_region, begin_time, end_time",100,24262,28175,11476,47.3,40.73,232
end_time,"goes_class, active_region, begin_time, peak_time",0,24262,28175,11244,46.34,39.91,0
end_time,"goes_class, active_region, begin_time, peak_time",1,24262,28175,11331,46.7,40.22,87
end_time,"goes_class, active_region, begin_time, peak_time",2,24262,28175,11412,47.04,40.5,168
end_time,"goes_class, active_region, begin_time, peak_time",3,24262,28175,11482,47.33,40.75,238
end_time,"goes_class, active_region, begin_time, peak_time",4,24262,28175,11543,47.58,40.97,299
end_time,"goes_class, active_region, begin_time, peak_time",5,24262,28175,11617,47.88,41.23,373
end_time,"goes_class, active_region, begin_time, peak_time",6,24262,28175,11683,48.15,41.47,439
end_time,"goes_class, active_region, begin_time, peak_time",7,24262,28175,11733,48.36,41.64,489
end_time,"goes_class, active_region, begin_time, peak_time",8,24262,28175,11769,48.51,41.77,525
end_time,"goes_class, active_region, begin_time, peak_time",9,24262,28175,11812,48.69,41.92,568
end_time,"goes_class, active_region, begin_time, peak_time",10,24262,28175,11840,48.8,42.02,596
end_time,"goes_class, active_region, begin_time, peak_time",11,24262,28175,11862,48.89,42.1,618
end_time,"goes_class, active_region, begin_time, peak_time",12,24262,28175,11887,48.99,42.19,643
end_time,"goes_class, active_region, begin_time, peak_time",13,24262,28175,11908,49.08,42.26,664
end_time,"goes_class, active_region, begin_time, peak_time",14,24262,28175,11921,49.13,42.31,677
end_time,"goes_class, active_region, begin_time, peak_time",15,24262,28175,11932,49.18,42.35,688
end_time,"goes_class, active_region, begin_time, peak_time",16,24262,28175,11947,49.24,42.4,703
end_time,"goes_class, active_region, begin_time, peak_time",17,24262,28175,11956,49.28,42.43,712
end_time,"goes_class, active_region, begin_time, peak_time",18,24262,28175,11962,49.3,42.46,718
end_time,"goes_class, active_region, begin_time, peak_time",19,24262,28175,11966,49.32,42.47,722
end_time,"goes_class, active_region, begin_time, peak_time",20,24262,28175,11972,49.34,42.49,728
end_time,"goes_class, active_region, begin_time, peak_time",21,24262,28175,11973,49.35,42.5,729
end_time,"goes_class, active_region, begin_time, peak_time",22,24262,28175,11977,49.37,42.51,733
end_time,"goes_class, active_region, begin_time, peak_time",23,24262,28175,11979,49.37,42.52,735
end_time,"goes_class, active_region, begin_time, peak_time",24,24262,28175,11983,49.39,42.53,739
end_time,"goes_class, active_region, begin_time, peak_time",25,24262,28175,11985,49.4,42.54,741
end_time,"goes_class, active_region, begin_time, peak_time",26,24262,28175,11985,49.4,42.54,741
end_time,"goes_class, active_region, begin_time, peak_time",27,24262,28175,11986,49.4,42.54,742
end_time,"goes_class, active_region, begin_time, peak_time",28,24262,28175,11989,49.41,42.55,745
end_time,"goes_class, active_region, begin_time, peak_time",29,24262,28175,11991,49.42,42.56,747
end_time,"goes_class, active_region, begin_time, peak_time",30,24262,28175,11992,49.43,42.56,748
end_time,"goes_class, active_region, begin_time, peak_time",31,24262,28175,11994,49.44,42.57,750
end_time,"goes_class, active_region, begin_time, peak_time",32,24262,28175,11994,49.44,42.57,750
end_time,"goes_class, active_region, begin_time, peak_time",33,24262,28175,11995,49.44,42.57,751
end_time,"goes_class, active_region, begin_time, peak_time",34,24262,28175,11995,49.44,42.57,751
end_time,"goes_class, active_region, begin_time, peak_time",35,24262,28175,11997,49.45,42.58,753
end_time,"goes_class, active_region, begin_time, peak_time",36,24262,28175,11997,49.45,42.58,753
end_time,"goes_class, active_region, begin_time, peak_time",37,24262,28175,11998,49.45,42.58,754
end_time,"goes_class, active_region, begin_time, peak_time",38,24262,28175,11998,49.45,42.58,754
end_time,"goes_class, active_region, begin_time, peak_time",39,24262,28175,11999,49.46,42.59,755
end_time,"goes_class, active_region, begin_time, peak_time",40,24262,28175,12000,49.46,42.59,756
end_time,"goes_class, active_region, begin_time, peak_time",41,24262,28175,12000,49.46,42.59,756
end_time,"goes_class, active_region, begin_time, peak_time",42,24262,28175,12000,49.46,42.59,756
end_time,"goes_class, active_region, begin_time, peak_time",43,24262,28175,12002,49.47,42.6,758
end_time,"goes_class, active_region, begin_time, peak_time",44,24262,28175,12004,49.48,42.61,760
end_time,"goes_class, active_region, begin_time, peak_time",45,24262,28175,12005,49.48,42.61,761
end_time,"goes_class, active_region, begin_time, peak_time",46,24262,28175,12005,49.48,42.61,761
end_time,"goes_class, active_region, begin_time, peak_time",47,24262,28175,12005,49.48,42.61,761
end_time,"goes_class, active_region, begin_time, peak_time",48,24262,28175,12005,49.48,42.61,761
end_time,"goes_class, active_region, begin_time, peak_time",49,24262,28175,12005,49.48,42.61,761
end_time,"goes_class, active_region, begin_time, peak_time",50,24262,28175,12005,49.48,42.61,761
end_time,"goes_class, active_region, begin_time, peak_time",51,24262,28175,12005,49.48,42.61,761
end_time,"goes_class, active_region, begin_time, peak_time",52,24262,28175,12005,49.48,42.61,761
end_time,"goes_class, active_region, begin_time, peak_time",53,24262,28175,12006,49.48,42.61,762
end_time,"goes_class, active_region, begin_time, peak_time",54,24262,28175,12006,49.48,42.61,762
end_time,"goes_class, active_region, begin_time, peak_time",55,24262,28175,12007,49.49,42.62,763
end_time,"goes_class, active_region, begin_time, peak_time",56,24262,28175,12007,49.49,42.62,763
end_time,"goes_class, active_region, begin_time, peak_time",57,24262,28175,12007,49.49,42.62,763
end_time,"goes_class, active_region, begin_time, peak_time",58,24262,28175,12007,49.49,42.62,763
end_time,"goes_class, active_region, begin_time, peak_time",59,24262,28175,12007,49.49,42.62,763
end_time,"goes_class, active_region, begin_time, peak_time",60,24262,28175,12007,49.49,42.62,763
end_time,"goes_class, active_region, begin_time, peak_time",61,24262,28175,12007,49.49,42.62,763
end_time,"goes_class, active_region, begin_time, peak_time",62,24262,28175,12007,49.49,42.62,763
end_time,"goes_class, active_region, begin_time, peak_time",63,24262,28175,12007,49.49,42.62,763
end_time,"goes_class, active_region, begin_time, peak_time",64,24262,28175,12007,49.49,42.62,763
end_time,"goes_class, active_region, begin_time, peak_time",65,24262,28175,12007,49.49,42.62,763
end_time,"goes_class, active_region, begin_time, peak_time",66,24262,28175,12007,49.49,42.62,763
end_time,"goes_class, active_region, begin_time, peak_time",67,24262,28175,12007,49.49,42.62,763
end_time,"goes_class, active_region, begin_time, peak_time",68,24262,28175,12007,49.49,42.62,763
end_time,"goes_class, active_region, begin_time, peak_time",69,24262,28175,12007,49.49,42.62,763
end_time,"goes_class, active_region, begin_time, peak_time",70,24262,28175,12007,49.49,42.62,763
end_time,"goes_class, active_region, begin_time, peak_time",71,24262,28175,12007,49.49,42.62,763
end_time,"goes_class, active_region, begin_time, peak_time",72,24262,28175,12007,49.49,42.62,763
end_time,"goes_class, active_region, begin_time, peak_time",73,24262,28175,12007,49.49,42.62,763
end_time,"goes_class, active_region, begin_time, peak_time",74,24262,28175,12007,49.49,42.62,763
end_time,"goes_class, active_region, begin_time, peak_time",75,24262,28175,12007,49.49,42.62,763
end_time,"goes_class, active_region, begin_time, peak_time",76,24262,28175,12007,49.49,42.62,763
end_time,"goes_class, active_region, begin_time, peak_time",77,24262,28175,12007,49.49,42.62,763
end_time,"goes_class, active_region, begin_time, peak_time",78,24262,28175,12007,49.49,42.62,763
end_time,"goes_class, active_region, begin_time, peak_time",79,24262,28175,12007,49.49,42.62,763
end_time,"goes_class, active_region, begin_time, peak_time",80,24262,28175,12007,49.49,42.62,763
end_time,"goes_class, active_region, begin_time, peak_time",81,24262,28175,12007,49.49,42.62,763
end_time,"goes_class, active_region, begin_time, peak_time",82,24262,28175,12007,49.49,42.62,763
end_time,"goes_class, active_region, begin_time, peak_time",83,24262,28175,12007,49.49,42.62,763
end_time,"goes_class, active_region, begin_time, peak_time",84,24262,28175,12007,49.49,42.62,763
end_time,"goes_class, active_region, begin_time, peak_time",85,24262,28175,12007,49.49,42.62,763
end_time,"goes_class, active_region, begin_time, peak_time",86,24262,28175,12007,49.49,42.62,763
end_time,"goes_class, active_region, begin_time, peak_time",87,24262,28175,12007,49.49,42.62,763
end_time,"goes_class, active_region, begin_time, peak_time",88,24262,28175,12007,49.49,42.62,763
end_time,"goes_class, active_region, begin_time, peak_time",89,24262,28175,12007,49.49,42.62,763
end_time,"goes_class, active_region, begin_time, peak_time",90,24262,28175,12007,49.49,42.62,763
end_time,"goes_class, active_region, begin_time, peak_time",91,24262,28175,12008,49.49,42.62,764
end_time,"goes_class, active_region, begin_time, peak_time",92,24262,28175,12008,49.49,42.62,764
end_time,"goes_class, active_region, begin_time, peak_time",93,24262,28175,12008,49.49,42.62,764
end_time,"goes_class, active_region, begin_time, peak_time",94,24262,28175,12008,49.49,42.62,764
end_time,"goes_class, active_region, begin_time, peak_time",95,24262,28175,12008,49.49,42.62,764
end_time,"goes_class, active_region, begin_time, peak_time",96,24262,28175,12008,49.49,42.62,764
end_time,"goes_class, active_region, begin_time, peak_time",97,24262,28175,12008,49.49,42.62,764
end_time,"goes_class, active_region, begin_time, peak_time",98,24262,28175,12008,49.49,42.62,764
end_time,"goes_class, active_region, begin_time, peak_time",99,24262,28175,12008,49.49,42.62,764
end_time,"goes_class, active_region, begin_time, peak_time",100,24262,28175,12008,49.49,42.62,764
